Price,Living.Area,Bathrooms,Bedrooms,Fireplaces,pool,Garage_spaces,Lot.Size,Age
140238,1322,1,3,FALSE,1,1,1,130
109999,1218,1.5,3,TRUE,1,0,1.43,0
174208,2372,2,3,TRUE,0,2,0.44,2
101230,1032,1,2,TRUE,0,1,0.12,23
120476,1120,2,3,FALSE,0,1,0.73,7
112509,1138,1,3,FALSE,1,1,0.14,98
103262,1176,1.5,2,FALSE,0,2,0.22,31
153590,1820,1.5,4,TRUE,0,2,0.34,45
184315,2152,2.5,3,FALSE,0,2,0.3,8
106117,1480,1.5,3,FALSE,0,0,0.08,21
90678,957,1,3,FALSE,1,1,0.18,49
145663,1666,2.5,3,TRUE,0,1,0.2,1
111394,1272,1.5,3,FALSE,1,0,0.34,1
152404,1508,2,3,TRUE,0,2,0.33,16
136499,1152,1,3,FALSE,1,1,0.8,36
65325,813,1,2,FALSE,1,1,0.39,68
110234,1652,1.5,3,TRUE,1,1,0.38,105
143697,1376,1.5,3,TRUE,0,1,0.53,14
69876,976,2,2,FALSE,1,0,0.34,21
163781,1124,1,3,FALSE,0,1,0.45,26
163728,1811,2.5,3,TRUE,1,2,0.46,19
104984,1096,1,3,FALSE,0,1,0.3,67
191746,1666,1,3,FALSE,0,1,0.18,140
228904,1824,2.5,3,TRUE,0,2,0.18,11
161923,1456,2,3,TRUE,0,0,0.75,1
325262,3496,2.5,4,TRUE,1,3,1.94,7
209371,2076,2.5,3,TRUE,1,2,0.62,13
298549,2310,3,2,TRUE,0,1,0.25,23
140701,1554,2,2,TRUE,1,1,0.53,20
244124,2346,2.5,4,TRUE,0,2,0.35,0
107411,840,1,2,FALSE,0,1,0.21,2
150581,1664,2,3,TRUE,0,2,0.49,33
118409,1227,2,2,TRUE,0,0,0.12,19
124367,1272,1.5,3,FALSE,0,0,0.34,1
112153,1834,2,4,FALSE,1,2,0.43,65
287360,3133,3,4,TRUE,0,2,0.5,1
57678,924,1,1,FALSE,1,0,0.17,104
136203,1479,1.5,2,TRUE,0,1,0.06,20
101708,1492,2.5,3,FALSE,0,1,0.17,16
146981,1832,1.5,3,TRUE,0,1,0.67,30
116589,1322,1,3,FALSE,0,1,0.67,63
279522,2000,2.5,3,TRUE,0,3,0.39,4
173446,2124,2.5,3,TRUE,1,1,0.14,0
308218,3597,2.5,4,TRUE,1,3,0.51,0
114238,1164,2,3,FALSE,0,1,0.64,7
50483,743,1,3,FALSE,0,0,0.05,105
124939,1099,1,2,FALSE,1,1,0.39,9
146626,1561,1.5,3,FALSE,0,1,0.33,18
121680,1412,1.5,3,FALSE,0,0,0.35,103
31113,1540,1,2,FALSE,0,0,0.04,115
432845,3250,2.5,3,TRUE,0,2,0.53,23
107743,1184,1.5,2,FALSE,0,1,0.16,18
233155,3236,2.5,4,TRUE,1,4,2.5,0
230708,2548,2.5,3,TRUE,0,2,0.36,3
152112,1512,2.5,3,TRUE,0,1,0.36,18
366772,3200,2.5,4,TRUE,0,2,1.27,1
111702,878,1,2,FALSE,0,1,0.14,28
379472,3440,4,5,TRUE,0,3,0.77,1
152466,1600,2,4,FALSE,0,1,0.46,35
135823,1946,1.5,4,FALSE,0,2,0.38,18
124013,1524,1.5,3,FALSE,0,1,0.71,180
198622,2024,2,3,TRUE,0,2,1.55,25
131411,1512,1.5,3,TRUE,0,1,0.05,13
181399,1842,1.5,3,FALSE,0,2,0.53,8
127740,1480,2.5,3,TRUE,0,0,0.03,16
263938,2641,2.5,4,TRUE,0,3,0.34,3
130757,1394,1,4,FALSE,1,0,0.46,33
218475,2748,2.5,4,TRUE,0,3,0.17,0
262461,2505,2.5,4,TRUE,0,2,0.03,1
328491,2733,2.5,4,TRUE,1,3,0.47,3
173639,1910,2.5,4,TRUE,1,1,0.37,18
159786,1561,1.5,3,TRUE,0,1,0.32,16
198622,1616,2,2,TRUE,1,1,1,36
122229,1404,2,3,FALSE,0,1,0.68,72
137540,1551,1,4,FALSE,1,1,1.95,97
158338,1836,2.5,3,TRUE,0,2,1,15
152491,1875,2.5,4,TRUE,0,2,0.71,31
92932,988,2,2,FALSE,1,1,0.15,19
123266,1632,1.5,3,FALSE,0,0,0.23,14
101193,1375,1.5,2,TRUE,0,0,0.07,21
118949,1164,2,3,FALSE,0,1,0.52,5
255303,2242,2.5,3,FALSE,0,2,0.07,0
94405,1375,1.5,2,FALSE,0,1,0.09,22
122221,1170,1.5,4,FALSE,0,0,3,26
143768,1612,1.5,3,TRUE,0,1,0.43,37
110738,1800,1.5,3,FALSE,0,2,0.36,83
139219,2308,3,2,FALSE,0,2,0.45,5
213901,1680,2,3,TRUE,0,2,0.39,27
304045,2960,2.5,4,TRUE,0,2,0.61,8
143294,1918,2,3,TRUE,0,2,0.3,29
206688,2284,2.5,4,TRUE,1,2,0.46,17
69463,1170,1,2,FALSE,0,0,0.09,110
104412,2116,2,4,FALSE,0,2,0.05,74
194877,2066,2.5,4,TRUE,0,2,0.65,35
89893,960,1,2,FALSE,0,0,0.36,48
238951,2641,3,4,TRUE,0,3,0.39,1
216841,2472,2.5,3,TRUE,0,2,0.33,0
97739,1276,2,2,TRUE,0,0,0.17,26
105363,864,1,3,FALSE,0,1,1,128
130782,1274,1.5,3,FALSE,1,0,0.44,14
92852,912,1.5,2,FALSE,1,1,0.15,20
277828,2988,2.5,5,TRUE,1,3,0.5,9
562546,5228,4,4,TRUE,0,3,0.45,14
93200,924,1,2,TRUE,0,0,0.31,19
80130,1225,1,3,TRUE,0,1,0.24,48
138424,1673,1,3,TRUE,0,1,0.29,27
119875,1512,1.5,4,TRUE,1,0,1,61
88092,3944,1,4,TRUE,0,3,1.64,185
133155,1480,2.5,3,TRUE,0,0,0.03,16
101375,960,1,3,FALSE,1,0,0.46,19
235105,2299,2.5,4,TRUE,1,2,0.8,6
285769,3125,2.5,4,TRUE,0,2,0.53,3
156606,1756,1.5,3,TRUE,0,2,0.85,24
154798,2470,2.5,4,TRUE,1,2,0.34,26
102405,1680,2,3,FALSE,1,1,0.12,15
148203,1782,1.5,3,FALSE,0,1,0.34,36
79567,908,1,2,FALSE,0,1,0.16,19
135167,1610,2,3,FALSE,0,1,0.1,17
79116,908,1,2,FALSE,0,1,0.15,19
148967,1864,1.5,3,TRUE,0,2,4,154
134865,1676,1.5,3,TRUE,1,2,0.38,14
44674,1214,1,3,FALSE,1,0,0.14,103
105035,908,1,2,FALSE,0,0,0.17,21
95260,1480,1.5,3,TRUE,0,1,0.07,15
139418,1296,2,4,TRUE,0,0,0.38,51
240857,1445,1.5,3,TRUE,0,1,0.2,17
205073,2501,2.5,4,FALSE,0,2,0.07,0
60309,2039,1,3,FALSE,0,2,0.24,55
330219,2576,2.5,3,TRUE,0,2,0.55,31
267731,3001,2.5,5,TRUE,0,3,0.66,0
184109,1920,2.5,3,TRUE,1,2,0.16,0
107919,1056,2,2,FALSE,0,2,0.52,7
308253,2880,2.5,4,TRUE,1,3,0.66,9
232934,2116,2.5,3,TRUE,0,2,0.55,20
240952,2376,2.5,4,TRUE,0,2,0.06,10
112877,1380,1,3,FALSE,1,0,0.14,3
197956,2314,2.5,4,TRUE,0,2,NA,1
236936,2300,2.5,3,TRUE,0,2,0.07,16
129155,1260,1.5,2,TRUE,0,1,0.06,27
236215,2066,2.5,3,TRUE,0,2,0.39,2
157946,1804,2.5,3,TRUE,1,1,0.43,0
94486,1150,1,3,FALSE,1,0,0.34,45
147412,1821,2.5,3,FALSE,1,1,1,0
119389,1364,1.5,2,TRUE,0,0,0.07,20
347761,3820,4.5,4,TRUE,1,2,1.4,18
333411,3356,2.5,4,TRUE,1,3,0.34,6
106659,936,1,3,FALSE,0,0,0.4,34
136551,1880,2,3,FALSE,0,2,0.62,7
84291,1480,2.5,2,TRUE,0,1,0.07,14
126082,1592,1.5,3,TRUE,1,1,0.16,18
129723,1593,1,3,TRUE,1,1,1.8,63
235620,2107,1,2,TRUE,0,2,0.09,1
213249,1643,2.5,3,TRUE,0,2,0.41,3
136379,1486,2.5,3,FALSE,1,1,0.38,0
111264,1142,1.5,3,FALSE,0,1,0.19,18
129609,1635,1.5,4,FALSE,1,1,0.28,52
251400,2741,2.5,4,TRUE,0,2,0.26,2
271578,3123,2.5,4,TRUE,1,2,0.49,14
98333,912,1.5,2,FALSE,0,1,0.16,18
128440,1554,1.5,3,FALSE,0,0,4.87,103
154723,1944,2.5,3,FALSE,0,1,2.13,0
99311,690,1,3,FALSE,0,0,0.04,114
181140,2648,2.5,4,TRUE,0,3,0.43,0
151917,1510,2.5,3,TRUE,1,1,0.39,0
115771,1479,1.5,3,FALSE,0,1,0.06,17
232219,2541,2.5,4,TRUE,1,3,0.49,5
111875,1758,2,3,FALSE,0,1,0.3,25
93174,784,1,1,FALSE,0,1,0.16,44
133155,1334,1.5,3,FALSE,0,0,0.77,7
202800,2250,2.5,4,FALSE,1,2,0.31,2
135820,1475,2,3,TRUE,0,1,0.46,20
156820,1720,2,3,TRUE,0,2,3.8,27
148585,1734,1.5,4,TRUE,1,2,0.45,34
98652,1158,1.5,3,FALSE,0,0,0.86,14
277235,2950,2.5,4,TRUE,0,3,0.41,1
104651,912,1.5,2,TRUE,0,1,0.17,19
104556,1673,2,2,FALSE,0,1,0.15,18
244441,2396,2.5,3,TRUE,0,2,2,5
143210,1744,1.5,4,TRUE,1,2,0.57,35
178216,1512,2,3,TRUE,0,1,0.77,12
207347,2119,2.5,4,TRUE,1,2,0.9,14
85939,1527,2,2,TRUE,0,1,0.31,17
90446,1256,1.5,3,FALSE,0,0,0.21,19
202836,2068,2.5,4,TRUE,1,2,0.46,17
132088,1368,1,3,FALSE,0,0,0.24,33
111436,1380,1.5,3,FALSE,0,0,0.14,2
162612,1348,2,2,TRUE,0,0,0.36,11
171885,1536,2.5,3,TRUE,1,0,0.72,7
125562,1253,1.5,2,TRUE,0,1,0.21,16
144571,1512,1.5,3,TRUE,0,1,0.05,13
172315,2008,2.5,4,TRUE,0,2,0.32,0
120192,1404,2,3,FALSE,0,1,6.13,7
236819,2608,2.5,4,TRUE,0,3,0.58,4
312448,2919,2.5,4,TRUE,0,3,0.05,5
232894,2500,2.5,4,TRUE,1,3,0.57,0
129868,1792,2.5,2,TRUE,0,1,0.08,24
160571,1294,1.5,3,TRUE,1,0,0.32,17
193565,2350,2.5,3,TRUE,0,2,0.3,15
135526,1420,1.5,3,FALSE,1,1,0.35,13
309808,2270,2.5,3,TRUE,1,3,4.05,9
114514,1514,2,3,FALSE,0,2,0.16,17
111546,1560,1,3,FALSE,0,1,0.3,31
166019,1110,1,3,TRUE,0,1,0.06,115
87588,1392,1,2,FALSE,0,1,0.24,17
84333,2043,1.5,4,TRUE,0,2,0.32,94
161118,1887,2.5,4,TRUE,0,1,0.56,27
99903,1360,1,2,FALSE,1,1,0.44,79
163524,2516,2,3,TRUE,0,2,2.96,40
310696,2843,2.5,4,TRUE,0,3,0.71,5
137220,1290,1.5,3,TRUE,1,1,0.14,16
282373,2793,2.5,3,TRUE,0,3,NA,21
112649,1350,1.5,3,FALSE,0,1,0.46,26
216018,1216,1.5,3,FALSE,0,1,0.14,75
278936,3121,3,4,TRUE,1,2,0.62,0
139079,1248,2,3,FALSE,0,0,0.75,37
236829,2472,3.5,4,TRUE,0,3,0.31,0
145583,1376,2,3,TRUE,1,1,0.46,25
232989,2248,2.5,4,TRUE,0,2,0.58,7
97783,1061,1,3,TRUE,1,0,0.92,48
177539,1528,2.5,3,FALSE,0,1,0.46,8
189736,2588,2.5,4,TRUE,0,2,0.35,31
121973,2268,1,3,FALSE,0,2,3,25
175874,2195,2,3,TRUE,0,2,0.45,1
139079,1400,1.5,3,TRUE,0,1,1,35
154499,1886,1.5,3,TRUE,0,1,0.28,31
295426,3370,3,4,TRUE,1,2,0.11,11
326330,1326,1,3,FALSE,1,0,2,52
80540,1380,1.5,2,FALSE,0,1,0.13,0
111239,912,1.5,2,FALSE,0,1,0.16,20
159175,1512,2,3,FALSE,1,1,0.25,12
107766,1272,1,3,TRUE,0,1,0.38,43
228619,2527,2.5,4,TRUE,0,3,0.46,1
312434,3440,2.5,4,TRUE,1,3,0.63,3
108794,1464,1,2,FALSE,1,1,0.11,87
193774,1932,2.5,4,TRUE,0,2,0.41,4
148401,1856,1.5,3,TRUE,1,2,0.6,37
179492,2030,2.5,3,TRUE,1,2,1,3
387652,3504,2.5,5,TRUE,0,3,0.9,0
340545,2926,3,4,TRUE,1,2,0.84,11
197581,1702,1.5,3,TRUE,1,2,0.61,16
297024,3020,2.5,4,TRUE,0,2,0.77,2
144695,1642,2,3,TRUE,1,1,0.4,11
154829,1440,2,2,TRUE,0,0,0.61,66
122257,1856,1.5,3,TRUE,0,0,0.6,36
85585,912,1.5,2,FALSE,0,1,0.16,20
205950,1474,2,3,TRUE,0,1,0.14,29
150909,1512,1.5,3,FALSE,0,1,0.6,7
50709,960,1.5,2,FALSE,0,0,NA,12
148246,1391,2,3,FALSE,0,1,0.04,12
174534,2226,2.5,4,TRUE,1,2,0.43,31
166222,1498,1.5,3,FALSE,0,2,0.77,10
193565,2167,2.5,3,TRUE,0,2,0.37,8
224818,2738,2.5,2,TRUE,1,2,0.76,12
176846,2249,2.5,4,TRUE,0,2,0.59,1
162984,1872,1.5,3,FALSE,0,2,0.36,18
110963,1888,1,3,TRUE,1,2,0.47,18
181225,1944,2.5,4,TRUE,0,2,0.26,25
103958,1486,1.5,3,FALSE,0,0,0.1,16
127394,2040,2.5,5,FALSE,0,0,0.07,127
180817,1815,2.5,3,TRUE,1,2,0.46,11
138297,1800,1,2,TRUE,0,0,0.48,49
225885,2524,2.5,4,TRUE,0,3,0.48,6
206480,2310,2.5,3,FALSE,0,2,1,18
143808,1572,1.5,3,FALSE,0,1,0.46,7
103677,1375,1.5,2,TRUE,0,0,0.08,21
217226,2593,2.5,4,TRUE,0,3,0.28,0
104328,898,1,2,TRUE,0,1,0.61,57
98790,1480,1.5,3,TRUE,0,1,0.08,16
196846,2144,2.5,3,TRUE,1,2,0.92,19
263226,3355,2.5,4,TRUE,0,3,0.83,1
69152,986,1,3,FALSE,0,0,0.06,133
240590,3001,2.5,4,TRUE,1,3,0.31,1
189836,1726,2,3,TRUE,0,1,0.06,26
222198,2495,2.5,4,TRUE,1,2,0.41,26
206931,2331,2.5,4,TRUE,1,2,1,1
120476,1248,2,3,FALSE,0,0,1,14
93895,1480,1.5,3,TRUE,0,1,0.22,17
99463,912,1,3,FALSE,1,0,0.26,31
102086,1302,1.5,2,FALSE,0,0,0.06,16
198083,1971,2.5,4,TRUE,1,2,0.49,7
149933,1664,2,3,TRUE,0,1,0.38,25
168739,1620,2,3,FALSE,0,1,0.3,0
172795,1910,2.5,4,FALSE,1,2,0.41,21
236055,2405,2.5,4,TRUE,1,2,1.63,16
147440,1590,2.5,3,FALSE,0,2,0.42,3
122044,1637,1.5,3,FALSE,1,1,0.76,54
97682,1548,1.5,3,FALSE,0,2,0.31,85
134933,1496,1,3,TRUE,0,1,0.25,37
95708,912,1.5,2,FALSE,1,1,0.16,20
207751,2628,2.5,3,TRUE,1,2,1,20
113371,1177,1.5,3,FALSE,0,2,0.17,36
71647,2087,2.5,3,TRUE,0,2,0.56,0
182068,2035,2.5,4,TRUE,0,2,0.43,35
107973,1388,1,3,FALSE,1,0,0.23,60
216530,2388,2.5,4,TRUE,1,2,0.83,20
180670,2310,2.5,4,TRUE,0,2,0.65,31
148989,792,1,3,FALSE,0,1,0.13,36
208339,2109,2.5,2,FALSE,1,2,0.26,1
26049,1344,2,3,FALSE,0,0,0.92,13
452745,1764,2.5,4,TRUE,0,3,0.17,85
157411,1666,2.5,3,FALSE,0,1,0.26,2
104412,1480,1.5,2,TRUE,0,1,0.17,15
102068,1172,2.5,3,TRUE,1,2,0.85,73
157081,2310,2.5,4,TRUE,0,2,0.55,33
179524,1632,2,4,TRUE,1,1,0.57,20
118585,936,1,3,FALSE,1,0,0.24,35
124585,1468,1,4,FALSE,0,1,0.34,51
185318,1500,1.5,4,TRUE,0,0,0.58,208
161923,1158,1.5,3,FALSE,1,1,0.57,7
68353,1216,1,2,FALSE,1,0,0.61,101
108421,1288,1,3,FALSE,1,0,0.34,32
148692,1397,1.5,2,TRUE,1,1,0.76,14
62105,1228,1,2,FALSE,0,1,0.31,53
151950,1792,2,3,TRUE,0,1,0.64,17
158565,1512,1.5,3,FALSE,0,1,0.3,14
81762,1008,1,3,FALSE,1,0,0.33,41
117164,1536,1,2,TRUE,0,1,2.84,55
152786,1578,2.5,3,TRUE,1,2,0.46,11
253545,1498,1,2,TRUE,0,1,0.4,51
185487,2271,2.5,3,TRUE,0,2,0.35,1
253433,3021,2.5,4,TRUE,0,3,0.72,21
163986,2039,2.5,4,TRUE,1,2,0.52,18
161190,1758,2,4,TRUE,0,1,0.27,26
233876,2434,2.5,4,TRUE,1,2,1,20
113600,1240,2,3,FALSE,0,0,0.16,18
190284,1879,2.5,3,TRUE,0,2,0.27,5
133595,1666,2.5,3,TRUE,1,1,0.2,1
172789,1812,2,3,TRUE,0,1,1,16
160426,2262,2,4,FALSE,1,2,0.46,21
150022,1632,2.5,4,TRUE,0,2,0.5,30
354739,3982,4.5,4,TRUE,1,2,5.61,6
166888,1740,1.5,3,FALSE,1,2,0.46,26
178760,2014,1.5,3,TRUE,0,2,0.31,32
154696,1704,2.5,3,TRUE,1,1,0.43,17
185902,2756,2.5,4,TRUE,1,2,0.39,33
157430,1092,1,3,TRUE,0,1,0.28,41
106524,1144,1,2,TRUE,1,0,0.18,16
139435,1666,2.5,3,FALSE,0,0,0.19,0
170567,1585,1.5,3,TRUE,1,1,0.95,16
105363,1100,1,3,TRUE,0,1,0.2,93
81580,1336,1.5,2,TRUE,1,1,0.35,20
140945,1873,2.5,4,TRUE,0,2,0.29,32
122221,1440,1,3,TRUE,0,1,2.12,32
75094,728,1,2,FALSE,0,0,0.06,22
272902,3020,2.5,4,TRUE,0,2,0.41,1
117703,1492,2.5,3,TRUE,1,1,0.17,17
244443,2810,2.5,4,TRUE,0,3,0.74,14
268260,2657,2.5,4,TRUE,1,2,0.6,15
127385,1416,1.5,3,FALSE,0,1,0.37,11
88207,1480,1.5,3,FALSE,0,1,0.07,14
102287,882,1.5,3,FALSE,0,0,0.18,71
120115,967,2,4,FALSE,1,1,1.2,55
139079,1608,1,3,TRUE,0,1,0.44,63
154314,1466,1,3,TRUE,1,1,0.23,62
265637,3030,2.5,4,TRUE,0,3,0.5,1
153129,1560,2,3,TRUE,1,2,1,4
128040,1688,1,3,TRUE,0,1,0.03,29
101997,1214,1.5,2,FALSE,0,0,NA,17
212846,2270,2.5,3,TRUE,0,2,0.46,0
111633,1564,1,3,TRUE,1,1,0.32,54
212830,2266,2.5,4,TRUE,0,2,0.26,0
209555,2539,2.5,4,FALSE,0,3,0.38,1
165957,1212,1,2,TRUE,1,1,2,87
157513,2164,2,3,TRUE,0,2,0.69,183
77921,1704,1,2,FALSE,0,1,2.5,177
297380,2906,2.5,4,TRUE,0,2,0.62,2
108459,1292,1.5,3,FALSE,0,0,0.34,25
93174,1022,1,3,FALSE,0,1,0.44,55
75606,912,1.5,2,FALSE,1,0,0.15,19
188497,1742,2.5,3,TRUE,1,2,0.4,5
218734,2219,2.5,4,TRUE,0,2,0.3,15
118468,1298,1,3,TRUE,1,0,0.17,44
190856,2086,2.5,4,TRUE,1,2,0.46,14
192694,2079,2.5,3,FALSE,0,2,0.44,11
189995,2150,2,4,FALSE,1,1,1.2,104
329484,2786,2.5,4,TRUE,1,2,0.39,0
102801,1184,2,3,FALSE,1,1,0.16,18
146611,1580,1.5,5,FALSE,1,1,1,26
102806,1248,1,3,TRUE,1,0,0.96,46
168065,1016,2,2,FALSE,0,1,NA,41
323819,2592,3,3,FALSE,0,2,0.16,1
123834,1092,1,5,FALSE,1,0,0.33,72
261846,2772,2.5,4,TRUE,0,2,0.29,0
49564,1363,2,3,FALSE,0,0,2.4,39
162631,1804,2.5,3,TRUE,1,2,0.37,2
222330,2712,3,5,TRUE,1,3,0.43,1
183657,1250,1.5,4,FALSE,0,1,0.22,43
125361,1173,1,3,TRUE,1,2,0.45,16
182056,2396,2.5,4,TRUE,0,2,0.27,28
378465,3457,2.5,3,TRUE,0,2,1,20
88770,1000,1,3,FALSE,0,0,0.52,91
183610,2570,2.5,5,TRUE,1,3,0.6,28
270841,2306,2.5,3,TRUE,1,3,0.79,1
116170,1272,1,3,FALSE,0,1,0.26,31
137309,1092,1.5,3,FALSE,0,1,0.35,33
77650,1620,1.5,4,FALSE,0,2,0.04,99
130229,1248,2,3,FALSE,0,0,0.35,11
237367,2936,2.5,4,TRUE,0,3,0.33,6
167253,1872,2,3,TRUE,0,2,1.55,16
108002,1544,2,3,FALSE,0,1,0.4,72
230414,2623,2.5,4,TRUE,1,3,0.53,0
71904,957,1,3,FALSE,0,0,0.19,45
101230,1040,1,3,FALSE,1,1,0.47,12
106524,1148,1,3,FALSE,1,0,0.35,7
133215,1364,1.5,2,TRUE,1,0,0.14,19
206512,1456,2,3,FALSE,0,1,0.98,10
231749,1980,2,3,FALSE,0,2,0.22,6
75975,1300,2,3,TRUE,0,1,0.49,227
116289,1107,1,3,TRUE,1,1,0.46,43
238832,2872,3,5,TRUE,0,3,0.21,0
296708,3210,2.5,3,TRUE,1,2,1,15
169647,1430,2.5,3,FALSE,1,0,0.16,5
88092,929,1.5,2,FALSE,0,0,0.18,22
124669,1092,1.5,3,FALSE,0,1,0.35,35
132138,1468,1.5,2,TRUE,1,1,1.11,161
218184,2655,2.5,4,TRUE,1,3,0.37,1
107513,1008,1,3,FALSE,0,1,0.22,38
226304,1921,2,3,TRUE,0,2,1,0
214749,2286,2.5,4,TRUE,0,2,0.49,11
222576,3144,2.5,4,TRUE,0,3,0.49,1
269063,3319,2.5,3,FALSE,0,3,2,20
83617,1272,1.5,4,FALSE,0,2,0.19,115
153129,1872,1.5,4,TRUE,0,2,0.56,32
158863,1696,2.5,3,TRUE,0,1,0.71,5
140765,1596,1.5,3,FALSE,0,0,0.28,49
167975,2311,2.5,4,TRUE,1,2,0.3,20
94064,1480,2.5,2,TRUE,0,1,0.18,16
110889,1266,1,3,TRUE,0,0,0.03,134
391842,3003,3.5,4,TRUE,1,3,0.46,88
77547,908,1,2,FALSE,0,1,0.16,19
146978,1656,1.5,3,TRUE,0,1,0.42,18
282289,3017,3.5,4,TRUE,1,3,0.49,0
119784,1560,1,2,FALSE,1,0,0.36,25
118409,2128,2,4,FALSE,1,3,1,7
227314,2764,2.5,4,TRUE,0,3,0.07,1
108593,1480,1.5,3,FALSE,0,1,0.08,19
118952,1572,1.5,3,FALSE,1,1,1.61,16
172795,1512,1.5,3,TRUE,1,1,0.18,15
94584,924,1,2,TRUE,0,1,0.17,19
201876,2498,2.5,4,TRUE,1,3,0.43,38
237716,2996,2.5,4,TRUE,0,3,0.35,1
160349,1732,1.5,3,TRUE,0,1,0.31,17
129470,2088,1,3,TRUE,0,2,1.84,29
169876,1774,2.5,3,TRUE,0,1,0.36,1
63852,1536,1.5,4,TRUE,0,2,0.46,30
47630,1235,1,3,TRUE,0,0,0.32,84
180927,2050,1.5,4,FALSE,0,2,0.31,33
127055,1019,1.5,2,FALSE,0,1,0.24,16
106365,1184,2,3,TRUE,1,2,0.15,20
150798,1212,1.5,3,FALSE,1,2,1,6
140269,1244,1.5,2,TRUE,0,1,0.28,13
52360,1310,1.5,4,FALSE,0,0,0.24,120
103672,1476,2,3,FALSE,1,1,0.66,6
125361,1326,1.5,2,TRUE,0,1,0.06,19
197350,2500,3.5,4,TRUE,0,3,0.21,1
217868,3344,3.5,4,TRUE,0,4,0.36,1
337918,3026,4,4,TRUE,0,2,1.34,1
174940,1126,2,3,TRUE,0,1,0.22,46
104084,1480,1.5,3,FALSE,0,1,0.14,19
167693,1876,2.5,3,TRUE,0,2,0.34,1
164419,1785,2.5,3,TRUE,0,2,0.16,1
79982,1572,1.5,4,FALSE,1,1,0.39,41
94064,912,1,3,FALSE,0,0,0.35,37
578856,2472,2.5,3,TRUE,0,2,0,6
257015,2093,2.5,3,TRUE,1,2,0.46,1
202836,2284,1.5,3,TRUE,0,2,0.28,29
105843,972,1,3,FALSE,1,1,0.36,40
228375,2512,2.5,4,TRUE,0,2,0.04,0
285500,3328,2.5,4,TRUE,0,2,0.35,0
317120,3076,3.5,4,TRUE,1,3,0.92,0
202157,2564,2.5,4,TRUE,0,3,0.59,30
64552,1298,1,3,FALSE,0,0,0.24,106
90446,1200,2,3,FALSE,1,1,0.56,10
103258,1344,1.5,3,FALSE,0,0,0.64,16
109577,1456,1.5,3,FALSE,1,0,0.15,155
104749,1852,1,4,FALSE,0,2,0.1,147
112825,1314,1.5,2,TRUE,0,0,0.06,20
146609,1989,1.5,4,TRUE,0,1,0.39,104
104984,1184,2,3,FALSE,0,1,0.16,21
147517,1680,1,4,FALSE,0,1,0.45,27
94667,912,1,3,FALSE,0,1,0.51,34
229055,2500,2.5,4,TRUE,0,3,0.5,0
103408,1034,1.5,2,TRUE,0,1,0.21,14
261647,1850,2.5,4,TRUE,0,2,0.19,16
379678,3720,4,5,TRUE,1,3,0.8,0
114513,1560,1.5,3,FALSE,0,2,1.59,5
189654,2320,2.5,4,TRUE,1,2,0.65,16
120639,1498,1.5,2,TRUE,0,1,0.18,0
153013,1720,2,4,TRUE,1,1,0.72,31
247839,1536,1.5,3,TRUE,0,1,NA,66
122796,1612,1,3,TRUE,0,0,0.29,34
112400,1375,1.5,2,TRUE,0,0,0.06,20
98389,1184,1.5,2,FALSE,0,1,0.15,18
278906,2960,2.5,4,TRUE,0,3,0.37,1
247520,2445,2.5,4,TRUE,1,2,0.38,18
147634,864,1.5,3,FALSE,1,1,0.16,39
155787,1540,1.5,3,FALSE,0,1,0.43,16
155929,2601,2.5,4,TRUE,0,3,0.34,19
135708,1460,2,2,FALSE,0,1,0.18,17
199187,2223,2.5,4,FALSE,0,2,4.34,9
161562,2044,2.5,3,TRUE,1,2,0.37,16
146329,2026,2.5,4,TRUE,1,1,1,1
178767,2291,2.5,4,TRUE,0,2,0.1,0
248204,1908,2,3,TRUE,0,1,0.26,0
96004,912,1.5,2,FALSE,1,1,0.16,18
186605,2328,2.5,3,TRUE,0,2,0.24,1
152822,1043,1,3,FALSE,0,1,0.15,104
134378,1279,1,3,FALSE,0,0,0.28,31
357384,2322,2.5,3,TRUE,1,2,0.27,0
241885,2604,3,4,TRUE,0,2,0.24,0
79170,1536,2,3,FALSE,1,1,0.15,105
185323,1662,2,3,FALSE,0,1,0.5,0
116882,1542,2.5,3,FALSE,0,2,0.25,10
180288,2294,2.5,5,TRUE,0,2,0.4,36
134171,2133,1.5,4,TRUE,1,2,0.28,34
227994,1973,2.5,3,TRUE,0,2,0.27,3
212103,1400,2,3,TRUE,1,0,0.98,25
235152,3192,3,4,TRUE,1,3,0.11,2
139104,1760,3,4,FALSE,0,1,0.16,135
59003,3285,2,5,FALSE,0,2,0.42,233
172016,1547,2,3,FALSE,1,0,0.72,11
179572,1736,1.5,3,TRUE,0,1,0.55,17
51183,1144,1,3,FALSE,0,0,0.64,15
226742,1989,2,3,TRUE,0,2,1,247
126498,720,1,3,FALSE,1,0,1,113
124939,1678,2.5,3,TRUE,1,2,0.27,1
96934,1480,1.5,3,FALSE,0,1,0.08,19
109633,775,1,2,FALSE,0,1,0.46,47
308750,2958,2.5,4,TRUE,0,3,0.92,0
113514,1142,2,2,TRUE,1,0,0.76,40
163992,2310,2.5,4,TRUE,1,2,0.45,33
207018,2147,2.5,4,TRUE,1,2,0.61,9
113367,1760,1.5,4,TRUE,0,1,0.27,133
126010,864,1.5,3,FALSE,0,1,0.16,37
113444,1656,1,3,FALSE,0,2,0.1,94
82556,1480,1.5,3,TRUE,0,1,0.1,14
160995,1344,1.5,2,TRUE,0,0,4,15
251699,3081,2.5,4,TRUE,1,3,0.3,1
101230,1281,1,2,FALSE,0,0,0.19,8
102806,1168,2,3,FALSE,0,0,0.14,21
204643,1743,2.5,3,TRUE,1,1,0.15,0
134266,1501,2,3,TRUE,0,0,0.4,44
130650,2110,2,3,TRUE,1,2,0.92,52
261011,3015,2.5,4,TRUE,0,3,0.46,1
200791,1680,2.5,3,TRUE,0,1,0.46,4
125920,1605,2.5,3,TRUE,1,1,0.15,0
191988,2096,3,3,TRUE,0,2,0.28,18
115248,1700,2,2,FALSE,0,1,0.69,15
242952,1708,2,2,TRUE,1,1,0.17,14
109578,1176,2,3,FALSE,0,0,0.64,5
139800,1900,1.5,3,TRUE,0,1,0.37,12
119840,1411,1,3,TRUE,1,0,0.38,48
130917,1456,1,3,TRUE,1,1,0.49,23
205498,3069,3.5,4,TRUE,0,3,1.05,13
338596,1908,3.5,4,TRUE,0,2,0.24,17
126311,1370,1,3,TRUE,0,1,0.45,27
190444,1836,2,3,TRUE,0,2,0.43,0
110770,911,1,2,FALSE,1,0,0.12,114
210646,1994,2,3,TRUE,1,1,1,49
118007,1694,2,3,TRUE,0,1,0.96,15
151950,1890,2.5,3,FALSE,0,2,0.46,27
213137,2498,2.5,5,TRUE,0,3,0.53,36
116321,1486,1.5,3,FALSE,0,1,0.1,16
175084,2214,2.5,3,TRUE,0,2,0.46,22
99574,1628,1.5,2,TRUE,1,1,0.32,30
113796,960,1,3,FALSE,0,1,0.36,40
252872,2612,2.5,4,TRUE,0,2,0.56,23
117287,1040,1,3,FALSE,0,1,1.08,39
44873,882,1.5,3,FALSE,0,0,0.18,71
223266,2619,2.5,4,TRUE,1,2,0.53,4
243276,3271,2.5,4,TRUE,0,3,0.97,1
261031,2280,2.5,4,TRUE,1,2,0.47,24
40932,1320,1,3,FALSE,0,0,0.17,90
91672,929,1.5,2,FALSE,1,1,0.17,21
167319,2088,2,3,TRUE,0,2,0.9,2
181516,2204,1.5,4,TRUE,1,2,0.48,31
167145,1852,2.5,4,FALSE,1,2,0.44,16
189776,1964,2.5,4,TRUE,0,1,0.48,6
120279,1056,1,2,FALSE,0,0,0.34,5
63101,1628,1,2,FALSE,0,1,0.06,124
205947,1224,1,2,FALSE,0,0,0.27,63
137508,1164,1,3,TRUE,0,1,2,54
160007,2078,1.5,4,FALSE,1,2,0.22,33
87852,976,2,2,FALSE,0,0,0.31,23
140658,2254,1.5,4,TRUE,1,2,0.43,31
92519,1368,1,3,FALSE,0,0,0.38,34
204661,1927,2,3,TRUE,1,1,0.33,3
205950,2284,2.5,4,TRUE,1,2,0.56,18
108478,1840,1,3,FALSE,1,2,0.14,8
196603,2064,2.5,4,TRUE,0,2,0.84,3
100839,1480,1.5,2,FALSE,0,1,0.12,17
129155,1242,2,2,TRUE,1,1,0.13,3
120476,2238,1.5,3,TRUE,1,1,0.21,114
107306,1276,2,3,FALSE,0,0,4.67,29
111353,1248,1.5,3,FALSE,0,0,1.28,0
142302,1242,2,2,TRUE,1,0,0.12,2
201928,2322,2.5,4,TRUE,0,2,0.42,22
283851,2346,2.5,4,FALSE,1,2,0.54,1
224888,1200,1,2,FALSE,0,1,0.16,65
203478,2762,3,4,TRUE,1,3,0.54,1
208048,1876,2.5,3,TRUE,0,1,0.24,1
110182,1480,1.5,3,TRUE,0,1,0.29,20
84291,924,1,3,FALSE,1,0,0.91,15
99491,1064,1,3,FALSE,0,1,0.31,45
251259,1932,2,3,TRUE,1,1,0.5,0
209226,2550,2.5,3,TRUE,0,2,0.46,0
236936,2500,2.5,4,TRUE,1,2,0.46,11
190983,2088,2.5,4,TRUE,1,2,0.49,22
161473,1560,1,2,TRUE,0,0,2,43
156530,1734,2.5,4,TRUE,0,2,0.39,29
115649,1422,1.5,3,FALSE,0,1,0.23,20
103861,1700,1,3,TRUE,0,1,0.46,25
159920,1794,2,3,FALSE,0,2,0.15,37
137681,1728,1.5,4,FALSE,0,0,1.84,12
106950,1472,1,3,TRUE,0,0,0.93,28
158789,3344,2.5,4,TRUE,0,3,0.37,0
148231,1475,1.5,3,FALSE,0,2,0.42,21
229915,2103,2.5,4,TRUE,0,2,0.06,6
213249,1904,2,2,TRUE,0,2,2,2
206512,2116,2.5,3,TRUE,1,2,2.17,0
200793,1940,2,3,FALSE,1,2,0.85,9
160692,1500,2,2,TRUE,0,1,0.4,18
93773,1324,1.5,3,FALSE,0,0,0.19,5
163310,1720,1.5,3,FALSE,1,2,0.36,19
262461,2932,2.5,4,TRUE,0,2,0.46,31
130518,1200,1.5,3,FALSE,1,0,0.32,1
150772,1652,2,3,TRUE,1,2,0.48,20
91792,908,1,2,FALSE,0,1,0.16,17
208610,1752,2.5,3,TRUE,0,2,0.74,10
142212,1982,1,3,FALSE,1,1,2,133
209371,2084,2.5,3,TRUE,1,2,0.43,5
196317,2359,2.5,4,TRUE,1,2,0.61,1
177998,2564,2.5,4,TRUE,1,2,0.57,34
261301,1859,1.5,3,FALSE,0,2,0.14,85
163102,1552,1.5,3,TRUE,0,2,0.46,9
188497,2110,2.5,3,TRUE,0,2,1,9
98632,1406,1.5,2,FALSE,0,0,0.16,19
128434,1508,1.5,3,TRUE,0,1,0.31,19
177124,1064,1,2,TRUE,0,1,0.1,77
225742,2216,2.5,3,TRUE,1,2,0.5,8
355529,2186,2.5,3,FALSE,1,2,1.4,12
93846,1385,1.5,2,FALSE,1,1,0.15,17
155713,3535,3,4,TRUE,0,3,4.2,39
123064,1209,1,2,FALSE,0,0,0.19,73
479670,3956,2.5,4,TRUE,0,3,1,15
93815,1184,1.5,2,FALSE,1,1,0.15,19
271791,2815,2.5,4,TRUE,0,3,0.48,1
116589,1184,2,3,FALSE,0,1,0.16,18
76342,896,1,2,FALSE,0,0,0,48
279083,1908,2,3,TRUE,0,2,0.22,16
92436,1300,1,3,FALSE,1,0,1.08,10
109040,1198,1,2,FALSE,1,1,0.37,13
205070,2460,2.5,4,TRUE,1,2,0.5,1
54210,792,1,2,FALSE,0,0,0.4,55
200126,1690,2.5,3,TRUE,1,1,0.46,5
139079,1719,1.5,3,TRUE,1,1,0.53,25
229761,2230,2.5,3,FALSE,0,2,0.62,1
135526,1952,2.5,4,TRUE,0,2,0.55,31
121798,1308,1,3,FALSE,1,0,0.46,29
184654,2212,2.5,4,TRUE,0,2,0.32,18
163191,1886,2.5,3,TRUE,0,2,0.43,16
149756,1470,2.5,3,TRUE,0,2,0.23,11
182334,2262,2.5,4,TRUE,0,2,0.53,24
96958,1244,1.5,4,FALSE,1,0,0.69,53
233714,2338,2.5,4,TRUE,0,2,0.47,16
113740,1920,1,3,TRUE,1,2,0.27,34
115566,1184,2,3,FALSE,0,2,0.15,17
167776,3106,2.5,4,FALSE,0,3,5.51,8
256417,2752,3,5,TRUE,0,2,0.94,9
189654,2367,2.5,4,TRUE,0,2,0.36,4
261872,2380,2.5,3,TRUE,0,2,0.95,9
169343,1796,2.5,3,FALSE,0,1,0.92,14
208253,2602,2.5,4,TRUE,1,3,0.37,1
314912,3423,2.5,4,TRUE,0,3,0.38,0
175784,1837,1.5,3,FALSE,0,2,0.52,18
506149,2586,3,4,TRUE,0,3,0.21,3
210743,2120,2.5,3,FALSE,1,2,0.54,10
62938,1064,1,3,FALSE,1,2,0.13,95
257499,1675,2.5,2,TRUE,0,1,0.04,18
127303,1210,1,2,TRUE,0,1,0.7,17
157476,1664,2,3,TRUE,0,1,0.49,34
206415,2676,2.5,4,TRUE,0,3,0.89,34
240872,2348,2.5,4,TRUE,0,2,0.51,7
292524,2900,2.5,4,TRUE,0,2,0.46,1
150434,1611,2,4,TRUE,0,1,0.17,83
111809,1711,1,3,FALSE,1,1,0.45,112
455140,1764,2.5,4,TRUE,0,3,0.17,86
130239,1586,1.5,3,TRUE,0,1,0.6,49
89893,1480,2.5,2,TRUE,0,1,0.29,14
64174,672,1,2,FALSE,0,0,0.36,46
263408,1738,2,3,FALSE,0,2,0.22,5
473938,780,1.5,2,FALSE,0,1,0.19,55
210672,1764,2.5,3,TRUE,1,1,1,8
152786,1508,2,3,TRUE,0,1,0.36,20
104267,1056,1,3,FALSE,1,0,0.44,47
128273,1343,2.5,2,TRUE,0,0,0.12,15
243305,2242,2.5,3,FALSE,0,2,0.08,0
196875,2086,2.5,4,TRUE,0,2,0.47,17
476301,2986,2.5,4,TRUE,1,3,2.37,12
103508,1560,1.5,3,TRUE,1,2,0.88,16
148967,2208,2.5,3,TRUE,0,1,0.05,17
80248,1600,1.5,3,FALSE,0,1,0.36,16
332888,3111,2.5,4,TRUE,0,3,0.5,3
199733,840,1,2,FALSE,1,1,0.35,50
49211,800,1,2,FALSE,0,0,0.46,55
144335,1274,2,3,TRUE,1,1,0.48,20
200940,1116,2,3,FALSE,1,1,0.24,38
220765,2058,2.5,3,TRUE,0,2,0.31,1
126010,1760,1,4,TRUE,0,2,0.52,37
254327,2541,2.5,4,TRUE,0,3,0.5,5
183066,1836,2.5,3,FALSE,1,2,0.44,9
173794,1970,2.5,4,TRUE,0,2,0.59,18
67951,1040,1,2,FALSE,0,0,0.17,19
26130,822,1,2,FALSE,1,0,0.56,173
253973,2464,2.5,4,TRUE,0,3,1,2
210081,2008,2.5,4,TRUE,0,2,0.46,19
65615,924,1,3,FALSE,0,0,3.17,39
250723,2490,2.5,4,TRUE,0,2,0.3,4
155855,1332,1.5,3,TRUE,1,1,0.86,9
246976,1652,1.5,3,TRUE,0,2,0.05,4
294133,3981,3,4,TRUE,1,2,0.69,0
164623,1772,2,3,TRUE,0,2,0.29,0
104339,1290,2,3,FALSE,1,0,1.19,16
104371,1463,1.5,3,FALSE,0,1,0.42,125
233876,2434,2.5,4,TRUE,0,2,1,20
130574,1600,1,3,FALSE,0,0,0.27,57
141029,1874,2.5,3,TRUE,1,2,0.54,31
119858,1476,1.5,3,TRUE,0,0,0.22,24
171885,1550,2.5,2,TRUE,0,0,0.07,16
394532,3361,3.5,4,TRUE,0,3,0.71,1
109259,1239,1,3,TRUE,0,0,0.37,33
446436,3467,2.5,4,TRUE,1,3,0.34,3
182649,1758,2.5,3,TRUE,0,2,0.27,1
217797,1386,1.5,2,FALSE,0,1,0.23,92
181140,2310,3,4,TRUE,0,2,0.56,31
509488,3530,3.5,4,TRUE,1,3,2.05,0
99082,924,1,2,TRUE,0,1,0.15,20
103256,1492,1.5,3,FALSE,1,1,0.15,16
208635,2714,3,4,FALSE,0,3,0.55,1
94774,1240,1.5,2,FALSE,1,0,0.15,17
89955,1216,1,3,FALSE,0,0,0.21,129
114070,1098,1,2,FALSE,0,1,0.1,113
224668,2526,2.5,4,TRUE,0,2,5.89,1
145147,1832,2,4,TRUE,0,1,0.52,47
114326,1053,1,3,TRUE,0,0,1,41
282655,2931,3.5,4,TRUE,0,3,0.46,12
236742,2412,2.5,4,TRUE,1,2,0.55,10
126049,1268,1,3,TRUE,1,1,0.56,25
160007,1665,2,4,TRUE,0,2,0.29,27
87852,1270,1,3,FALSE,0,1,0.04,110
199684,2275,2.5,4,FALSE,0,2,2.17,0
137508,1530,2,3,TRUE,0,1,0.48,20
154432,1644,2.5,4,TRUE,0,1,0.3,20
247125,2835,3,4,TRUE,1,3,0.52,1
123910,1620,2.5,3,TRUE,1,1,0.86,1
170534,1820,2.5,3,TRUE,0,2,2.06,18
212932,2494,2.5,3,TRUE,0,2,0.53,13
107892,1375,1.5,2,TRUE,0,0,0.2,20
149078,1664,1.5,3,FALSE,0,1,0.46,14
82019,1518,1,3,FALSE,0,1,0.04,130
104084,1302,1.5,2,TRUE,0,0,0.05,17
74422,2708,2,4,FALSE,1,2,1.2,21
109578,1342,1,2,TRUE,1,1,0.57,41
199990,2011,2.5,4,FALSE,0,2,0.67,12
133199,1716,2,4,TRUE,1,2,0.69,4
74422,1708,1,2,TRUE,0,1,0.87,39
202527,2120,2.5,4,TRUE,0,2,0.46,9
242955,1954,1.5,2,TRUE,1,1,0.22,66
116938,988,1,3,FALSE,0,0,0.26,10
147625,1668,2,2,FALSE,1,2,0.19,16
156679,1911,1.5,4,TRUE,1,3,0.43,35
132311,1512,1.5,3,TRUE,0,0,0.25,13
219262,2327,2.5,4,TRUE,1,2,0.29,10
65550,1196,1.5,4,FALSE,0,2,0.15,56
145123,1372,1.5,3,FALSE,1,1,0.69,26
181979,1822,2.5,3,TRUE,1,2,0.47,4
137044,1352,1.5,2,FALSE,0,1,0.18,11
193497,1948,2.5,3,TRUE,0,2,1.13,13
170345,1952,2,4,TRUE,0,2,0.15,33
187701,1992,2.5,4,TRUE,0,2,0.4,30
200713,2504,2.5,4,TRUE,0,2,0.48,14
122257,1400,1.5,3,FALSE,1,0,1,17
169407,2310,2.5,4,TRUE,1,2,0.47,33
100397,912,1.5,2,FALSE,0,1,0.16,18
217314,2498,2.5,4,TRUE,0,3,0.3,14
170600,1728,2.5,3,TRUE,1,1,0.27,0
208743,1804,2.5,3,TRUE,0,2,0.23,4
125029,1836,2,3,FALSE,0,2,0.35,27
263226,3355,2.5,4,TRUE,0,2,0.83,1
171171,1822,1.5,3,FALSE,0,2,0.34,12
234429,1470,2.5,3,FALSE,1,2,0.13,3
150505,1785,2.5,3,FALSE,0,1,0.17,1
155488,1747,2.5,3,FALSE,0,2,0.36,1
89432,1132,1,2,TRUE,1,0,0.16,25
228806,2577,2.5,4,TRUE,0,2,0.29,0
297174,2748,2.5,4,TRUE,1,2,0.92,3
155414,2310,2.5,4,TRUE,0,2,0.6,38
119937,2028,2,3,TRUE,1,2,0.5,27
110963,1568,1.5,3,FALSE,0,1,0.05,18
142907,1920,2,3,TRUE,0,1,0.59,31
139627,1980,1,4,FALSE,0,0,7.16,205
126311,1471,2.5,3,FALSE,0,1,0.08,4
107912,1308,1,3,FALSE,1,0,0.46,26
178140,2200,2.5,4,TRUE,1,2,0.61,1
101418,1852,2,4,TRUE,1,2,0.92,37
140510,1590,2.5,3,TRUE,0,0,0.42,0
55817,1688,2,5,FALSE,0,2,0.17,119
135011,1327,2,2,TRUE,1,1,0.67,35
117907,1295,1.5,3,FALSE,0,0,0.13,125
159843,1350,1.5,2,TRUE,0,1,0.68,1
247639,1016,2,2,FALSE,0,1,NA,41
128717,1215,1.5,3,FALSE,0,1,0.23,41
60238,1664,1.5,3,FALSE,0,2,0.21,76
72189,1594,1.5,4,FALSE,0,2,0.21,81
155787,1540,1.5,3,FALSE,1,1,0.43,16
184515,1472,1.5,4,TRUE,0,0,0.7,3
153850,2400,2,3,FALSE,0,2,2.26,26
137606,1508,1.5,3,FALSE,0,0,0.34,19
238792,2250,2.5,4,TRUE,1,2,2.48,10
201616,2119,2.5,4,TRUE,1,2,0.76,16
187087,2027,2.5,3,TRUE,0,2,0.46,15
162091,1806,2.5,3,TRUE,0,2,1.59,0
221263,2000,2.5,3,FALSE,0,2,0.73,22
260228,2092,2.5,4,TRUE,0,2,3.64,0
189912,2316,2.5,3,TRUE,1,2,0.54,7
45904,1328,1,4,FALSE,1,0,0.19,103
268783,2329,2,5,FALSE,0,3,0.17,72
205950,2024,2.5,4,TRUE,1,2,0.52,10
114513,960,2,2,FALSE,1,1,0.63,11
234954,2294,3.5,4,TRUE,0,2,0.52,0
137127,1892,2,3,TRUE,1,1,0.25,26
142420,2016,1.5,3,FALSE,0,1,0.86,16
97476,1219,1.5,2,FALSE,0,0,NA,19
184108,2702,1.5,5,TRUE,0,3,0.35,31
172814,2056,1.5,4,TRUE,0,2,0.42,35
215824,2056,2.5,4,TRUE,0,2,0.61,2
224928,2185,2.5,3,TRUE,0,2,0.74,14
223055,2668,2.5,4,TRUE,0,3,0.3,0
250976,2394,2.5,4,TRUE,0,2,0.6,0
300931,847,1,2,FALSE,1,1,0.55,78
492114,2563,2,4,FALSE,1,3,0.17,55
104984,1144,1.5,3,TRUE,1,0,0.52,44
128040,1488,2.5,3,TRUE,0,0,2.15,1
150502,1668,2,3,TRUE,0,2,0.26,18
140602,1693,1.5,3,TRUE,0,0,0.37,26
133612,1768,1.5,4,TRUE,1,2,0.37,48
144561,1292,2,3,TRUE,1,1,0.22,4
100003,1184,2,3,FALSE,0,1,0.16,19
107695,1802,2,4,TRUE,1,2,0.97,56
165213,1664,3,3,FALSE,1,2,0.99,10
150909,1374,1.5,3,FALSE,0,1,0.18,44
160571,1612,2,3,TRUE,1,2,0.95,15
265848,2993,2.5,4,TRUE,0,2,1.34,15
198622,1971,2.5,4,FALSE,0,2,0.35,11
133067,1326,2,4,FALSE,0,1,0.46,7
191790,2304,2.5,4,TRUE,0,2,0.35,0
162913,2011,2.5,4,TRUE,0,2,0.99,12
156164,1792,2.5,3,FALSE,1,2,0.29,6
168497,1888,2,3,FALSE,0,2,0.39,6
108958,1514,1.5,3,FALSE,1,1,0.17,19
134865,1500,1.5,3,TRUE,1,1,0.49,31
93895,960,1,3,FALSE,1,1,0.26,48
254944,2579,2.5,4,TRUE,1,3,0.72,0
75862,995,1,3,FALSE,1,0,0.38,47
66027,1653,2,3,FALSE,1,1,0.48,79
157513,1910,2.5,4,TRUE,0,1,0.58,19
90354,912,1.5,2,FALSE,0,1,0.16,16
154528,1785,2.5,3,FALSE,1,1,0.16,1
133688,1780,2.5,2,FALSE,0,1,0.1,25
298923,3515,2.5,4,TRUE,1,2,0.51,0
197105,1894,2,3,TRUE,0,1,0.34,0
166335,1664,2,3,TRUE,0,2,0.51,37
129427,1512,2,3,FALSE,0,0,0.46,16
136192,1623,1.5,4,TRUE,0,2,0.44,36
163478,2334,2,4,FALSE,0,2,0.44,39
265515,1870,2.5,3,TRUE,1,2,0.11,4
229180,2310,2.5,4,TRUE,1,2,1.4,3
119166,912,1,2,FALSE,0,0,0.11,68
107743,1228,1.5,3,FALSE,1,1,0.21,21
207237,2656,2.5,4,TRUE,0,3,0.41,1
176698,1772,2.5,3,TRUE,0,1,0.06,14
92519,1281,2.5,2,TRUE,0,0,0.02,19
161496,1910,2.5,4,FALSE,0,2,0.36,20
220261,2712,2.5,4,FALSE,1,3,0.5,1
357138,2618,1.5,3,TRUE,0,2,1.92,1
75399,988,1,2,FALSE,0,0,0.15,20
187003,1868,2.5,3,TRUE,0,1,0.36,13
156797,1672,2.5,3,TRUE,0,2,0.15,0
98256,1480,2.5,2,TRUE,0,1,0.07,16
143252,1568,1.5,3,FALSE,0,1,0.16,18
159313,1561,1.5,4,FALSE,0,1,0.32,17
149078,1592,1.5,3,TRUE,1,2,0.64,9
178851,2002,2.5,4,TRUE,0,2,1.03,14
74421,1928,2,4,TRUE,0,2,0.27,134
135901,1508,1.5,3,FALSE,0,1,0.34,21
220776,2421,2.5,4,TRUE,1,2,0.48,13
599701,5114,4.5,5,TRUE,0,3,0.34,131
345364,3308,2.5,4,TRUE,0,2,0.66,7
228291,1986,2.5,3,TRUE,0,2,0.36,1
109249,812,1,2,FALSE,0,1,0.1,115
115312,912,1,2,FALSE,0,1,0.46,14
231298,1800,2.5,3,TRUE,0,2,0.07,16
161839,1601,1.5,3,TRUE,0,1,0.03,8
200510,1806,2,4,FALSE,1,2,0.8,40
123827,1302,2,3,FALSE,0,0,0.25,35
368396,3358,3.5,4,TRUE,0,2,0.58,9
111534,1032,1,3,FALSE,1,1,0.75,4
169124,2576,2.5,5,TRUE,0,2,0.69,34
466044,3853,2.5,4,TRUE,0,3,0.54,5
249250,2604,2.5,4,TRUE,0,2,0.27,1
110115,1385,1.5,2,TRUE,0,0,0.16,17
95708,912,1.5,2,FALSE,0,1,0.16,20
126436,1216,1,3,TRUE,1,1,0.49,51
318121,2892,3.5,4,TRUE,1,3,7.76,1
214367,2500,2.5,4,TRUE,1,2,0.19,0
154238,1984,2.5,2,FALSE,0,1,0.27,11
260887,2176,2,3,TRUE,0,2,0,36
334556,3296,2.5,4,TRUE,1,3,0.61,6
284154,2808,2.5,4,TRUE,1,2,0.6,1
193524,1730,2.5,3,TRUE,0,1,0.66,1
151950,1890,2,4,TRUE,1,2,0.69,30
91386,1120,1,3,FALSE,0,0,0.11,14
262461,2809,2.5,4,FALSE,0,2,0.25,2
115659,1242,2,3,TRUE,0,1,0.72,30
237062,2604,2.5,4,TRUE,0,2,0.33,0
173723,1548,2,3,TRUE,0,0,0.36,0
102806,1480,1.5,3,TRUE,0,1,0.08,15
171171,1784,1.5,3,FALSE,0,1,0.51,104
240890,1921,2,3,TRUE,1,2,0.46,0
16858,1629,1,3,FALSE,1,0,0.76,180
116862,1456,1,4,TRUE,0,1,0.4,54
100967,988,1,2,FALSE,1,0,0.15,20
103633,1314,1.5,2,FALSE,1,1,0.21,21
329221,2934,2.5,3,TRUE,0,2,0.66,9
124492,1164,2,3,FALSE,0,1,0.34,8
122082,2256,1.5,4,FALSE,0,2,0.17,124
69814,840,1,1,TRUE,1,1,0.18,57
199900,1808,1.5,2,TRUE,0,1,2,6
260460,3726,2.5,4,TRUE,0,3,2.31,3
226705,2510,2.5,4,TRUE,1,3,0.44,1
196512,1428,2,3,TRUE,0,1,0.39,20
143294,1360,1,4,FALSE,0,2,0.92,53
114590,1736,2,3,TRUE,0,2,0.38,37
181516,1924,2,3,FALSE,1,2,1.04,16
303599,3329,1.5,3,FALSE,1,3,0.62,14
81762,912,1.5,2,FALSE,0,1,0.15,19
236737,3239,3.5,4,TRUE,0,3,2.5,1
101375,1820,1.5,4,FALSE,1,2,0.54,35
212103,2170,2.5,3,TRUE,0,2,0.25,3
189654,1334,1.5,2,FALSE,1,1,0.13,122
135011,2488,2,3,TRUE,0,2,0.41,24
329328,3542,3.5,4,TRUE,1,3,0.56,1
163652,1908,2.5,3,TRUE,0,2,0.27,25
189665,2203,2.5,3,TRUE,0,2,0.57,1
236215,1392,2.5,3,FALSE,0,2,0.13,4
211517,2328,2.5,4,TRUE,0,2,0.85,10
107049,1592,2,3,FALSE,1,1,0.16,16
176618,2162,2.5,4,TRUE,0,2,0.38,19
150434,1666,1.5,4,FALSE,1,1,0.56,38
180803,1570,2,3,TRUE,0,1,0.92,14
142057,952,1,3,FALSE,1,0,0.13,102
179524,2600,2.5,4,TRUE,0,2,0.44,18
101258,1232,1,3,TRUE,1,0,0.72,43
100938,1034,1.5,3,FALSE,1,1,0.16,15
116795,1404,1.5,3,TRUE,1,1,0.48,28
131165,1564,2,3,FALSE,1,1,0.24,13
79893,2634,2.5,4,FALSE,0,2,0.24,83
184315,2296,2.5,4,FALSE,0,2,0.58,19
108785,1480,1.5,3,FALSE,0,1,0.07,22
218517,2038,2.5,3,TRUE,1,2,0.98,13
112153,1270,1.5,3,TRUE,0,0,0.09,18
198969,1938,2.5,3,TRUE,1,2,0.63,26
102626,1227,1,3,TRUE,0,0,0.24,115
146471,892,1,2,FALSE,0,0,0.29,113
89232,960,1,3,FALSE,0,0,1,51
187026,1831,2,3,TRUE,0,1,0.47,19
85560,2068,1,4,TRUE,0,2,1,104
100306,1314,1.5,2,FALSE,0,1,0.1,19
180032,2066,2.5,4,TRUE,0,1,0.41,32
94868,1380,1,4,FALSE,1,1,0.89,105
119001,1506,1.5,3,TRUE,1,1,0.46,24
59043,1668,1.5,4,FALSE,0,2,0.06,115
98423,1355,1,3,FALSE,0,0,0.47,60
119751,1480,1.5,3,FALSE,0,0,0.11,17
130239,1052,1.5,2,TRUE,0,0,0.23,15
147425,1582,1.5,3,FALSE,0,0,0.35,11
210081,1596,1,3,TRUE,1,1,3.14,29
311709,3028,2.5,5,TRUE,1,3,0.66,0
104084,1170,2,2,FALSE,0,1,2.5,10
194880,2278,2.5,4,TRUE,0,2,0.45,0
202751,2202,2.5,4,TRUE,0,2,1.01,6
102530,1202,1.5,2,FALSE,1,1,0.15,18
88092,1572,1.5,4,TRUE,0,1,0.06,50
45004,960,1,2,FALSE,0,1,0.54,11
109042,880,1,3,FALSE,0,1,0.34,56
173102,1896,1.5,3,TRUE,1,1,0.42,17
175514,2475,2.5,4,TRUE,0,3,0.59,35
157370,1656,1.5,3,TRUE,0,1,0.33,19
160635,1336,2,3,FALSE,0,0,0.32,11
118517,1592,1.5,3,FALSE,0,2,0.17,18
106524,1308,1,2,FALSE,0,0,1.35,17
141760,1740,1.5,3,FALSE,0,1,0.53,36
130490,1595,2,3,TRUE,0,1,0.22,6
286474,2058,2.5,4,TRUE,0,2,1.33,26
99311,1281,2.5,2,TRUE,0,1,NA,18
209122,3476,2.5,4,TRUE,1,4,0.34,20
73892,864,1.5,3,FALSE,0,0,0.07,114
115401,1480,1.5,3,FALSE,0,1,0.18,18
157055,1836,1.5,4,TRUE,0,2,0.36,106
334556,3376,2.5,4,TRUE,1,3,0.83,7
111221,1056,1,3,FALSE,1,0,0.81,27
114519,1428,2,3,FALSE,0,2,0.16,85
240639,2572,2.5,4,TRUE,1,3,0.94,9
239301,2619,2.5,4,TRUE,1,3,0.4,0
150849,1423,1.5,3,TRUE,0,1,0.34,9
271339,3056,2.5,5,TRUE,0,3,0.57,6
146611,1056,1,2,FALSE,0,1,9,5
504119,3721,2.5,5,TRUE,1,3,1.14,14
221925,2472,2,4,FALSE,0,2,0.62,183
86651,1140,1.5,2,FALSE,0,0,0.08,18
102003,1184,1.5,2,FALSE,1,1,0.16,20
205397,2425,2.5,4,TRUE,0,2,0.42,0
260485,2143,2.5,3,FALSE,0,2,0.1,6
145123,1536,2,3,FALSE,0,1,0.98,6
123757,1416,1.5,3,FALSE,1,0,1.94,5
114827,1332,1,3,TRUE,0,1,0.02,45
175514,2310,2.5,5,TRUE,0,2,0.45,36
91672,1392,1.5,3,FALSE,0,0,0.26,21
84291,924,1,3,FALSE,0,0,0.91,15
189108,2097,2.5,3,TRUE,0,2,1.93,10
177452,2402,2.5,4,TRUE,1,2,0.47,28
237583,2762,2.5,4,TRUE,0,2,0.46,17
259999,2577,2.5,4,TRUE,1,2,0.77,1
173082,1656,2.5,3,TRUE,0,1,0.35,18
186348,2011,2.5,4,TRUE,0,2,0.37,14
244382,2572,2.5,4,TRUE,1,3,1.03,6
148496,1470,1.5,3,FALSE,0,1,0.35,12
203240,2464,2.5,4,TRUE,0,3,0.58,42
55851,990,1.5,2,FALSE,0,1,0.08,75
78191,1080,2,3,FALSE,0,2,1,15
187104,2040,2.5,4,TRUE,1,2,0.65,1
138914,1576,1.5,3,FALSE,0,1,0.19,18
162006,1656,1.5,3,TRUE,0,1,0.33,17
213048,2022,2.5,3,TRUE,0,2,0.48,0
146161,984,1,3,TRUE,0,1,0.3,41
121279,1348,2.5,2,TRUE,0,1,0,18
99045,937,1,2,FALSE,0,1,0.13,19
373227,2058,1.5,2,TRUE,0,2,0.23,49
101227,1754,1,4,FALSE,0,0,0.1,110
89306,1480,1.5,3,FALSE,0,1,0.21,19
,,,,,,,,
,,,,,,,,
,,,,,,,,
,,,,,,,,
,,,,,,,,
,,,,,,,,
,,,,,,,,
